text,label
"Today's mess menu includes paneer curry and rice",mess_menu
"Lunch in the mess: dal, roti, salad",mess_menu
"Mail: Semester fee notice and deadlines",mail
"Reminder: scholarship application mail",mail
"Lost my ID card near library",lost_found
"Found a blue water bottle at gym",lost_found
"Selling used calculator, good condition",buy_sell
"Looking to buy a second-hand laptop",buy_sell
"Need a cab-share from campus to airport",travel
"Anyone traveling to downtown at 6pm?",travel
"Top cafes near campus",nearby
"Looking for nearby stationery shop",nearby
"Fastest route to lecture hall B",navigate
"Directions to sports complex",navigate
"Timetable update for CS101",timetable
"Class schedule change for Monday",timetable
"Upload assignment on LMS",lms
"Quiz available on LMS portal",lms
"Struggling in math, need academic help",academic
"Predict my risk for failing physics",academic
